customer_segment_id,segment_name,segment_tier,risk_band,segment_payload_json
8cb92a07-8f4b-669b-9986-fc11cc616d7b,emerging_affluent,TIER_3,HIGH,"{""segment_model"": ""retail_value_model_v2"", ""primary_objective"": ""deposit_growth"", ""service_level"": ""assisted"", ""review_cycle_days"": 138, ""pricing_profile"": ""preferential""}"
5b4025b6-c06d-efbb-48d9-d1cfe29c0014,high_net_worth,TIER_1,LOW,"{""segment_model"": ""wealth_behavior_scorecard"", ""primary_objective"": ""cross_sell"", ""service_level"": ""concierge"", ""review_cycle_days"": 173, ""pricing_profile"": ""relationship_pricing""}"
69442afc-6ca4-e2f0-7213-ea0ed50142b7,emerging_affluent,TIER_3,HIGH,"{""segment_model"": ""retail_value_model_v2"", ""primary_objective"": ""deposit_growth"", ""service_level"": ""assisted"", ""review_cycle_days"": 131, ""pricing_profile"": ""preferential""}"
6425e5ab-7515-e194-341e-7ab7783ea6ab,emerging_affluent,TIER_3,HIGH,"{""segment_model"": ""retail_value_model_v2"", ""primary_objective"": ""deposit_growth"", ""service_level"": ""assisted"", ""review_cycle_days"": 129, ""pricing_profile"": ""preferential""}"
68d572cc-efa5-02c1-aac7-65dc0235896a,high_net_worth,TIER_1,MEDIUM,"{""segment_model"": ""wealth_behavior_scorecard"", ""primary_objective"": ""deposit_growth"", ""service_level"": ""concierge"", ""review_cycle_days"": 114, ""pricing_profile"": ""relationship_pricing""}"
558b3f99-bb87-1c0e-d0f4-176ba6a24ed2,emerging_affluent,TIER_4,VERY_HIGH,"{""segment_model"": ""retail_value_model_v2"", ""primary_objective"": ""aum_growth"", ""service_level"": ""self_service"", ""review_cycle_days"": 148, ""pricing_profile"": ""standard""}"
8524c90b-25d9-84ec-17a5-21a0015821d3,mass_affluent,TIER_3,HIGH,"{""segment_model"": ""retail_value_model_v2"", ""primary_objective"": ""cross_sell"", ""service_level"": ""assisted"", ""review_cycle_days"": 63, ""pricing_profile"": ""preferential""}"
9b6a0491-183e-5ed2-3639-19dfcc832667,mass_affluent,TIER_3,MEDIUM,"{""segment_model"": ""retail_value_model_v2"", ""primary_objective"": ""deposit_growth"", ""service_level"": ""assisted"", ""review_cycle_days"": 143, ""pricing_profile"": ""preferential""}"
cae9aeb6-4738-aee4-568c-353a9e2b4390,high_net_worth,TIER_2,MEDIUM,"{""segment_model"": ""rm_judgement_overlay"", ""primary_objective"": ""deposit_growth"", ""service_level"": ""advisory"", ""review_cycle_days"": 164, ""pricing_profile"": ""preferential""}"
45be5abc-5692-b8f2-e06f-2a142e3cc448,mass_affluent,TIER_3,MEDIUM,"{""segment_model"": ""retail_value_model_v2"", ""primary_objective"": ""credit_uplift"", ""service_level"": ""assisted"", ""review_cycle_days"": 65, ""pricing_profile"": ""preferential""}"
a3f04887-4a90-c773-c452-2e1a380189c5,small_business_owner,TIER_4,HIGH,"{""segment_model"": ""retail_value_model_v2"", ""primary_objective"": ""cross_sell"", ""service_level"": ""self_service"", ""review_cycle_days"": 74, ""pricing_profile"": ""standard""}"
c7d31c3e-70a8-ad4d-e119-8973a667c8bb,high_net_worth,TIER_2,MEDIUM,"{""segment_model"": ""retail_value_model_v2"", ""primary_objective"": ""credit_uplift"", ""service_level"": ""advisory"", ""review_cycle_days"": 147, ""pricing_profile"": ""preferential""}"
a6c26d89-2abe-3b99-d781-57821b0c3608,mass_affluent,TIER_3,HIGH,"{""segment_model"": ""wealth_behavior_scorecard"", ""primary_objective"": ""aum_growth"", ""service_level"": ""assisted"", ""review_cycle_days"": 36, ""pricing_profile"": ""preferential""}"
51e5d93f-fbbe-5e56-4859-b8b38b322b35,emerging_affluent,TIER_2,MEDIUM,"{""segment_model"": ""rm_judgement_overlay"", ""primary_objective"": ""deposit_growth"", ""service_level"": ""advisory"", ""review_cycle_days"": 74, ""pricing_profile"": ""preferential""}"
d03acf0e-3084-4f21-d4d0-509d0571d9c4,emerging_affluent,TIER_3,MEDIUM,"{""segment_model"": ""retail_value_model_v2"", ""primary_objective"": ""aum_growth"", ""service_level"": ""assisted"", ""review_cycle_days"": 169, ""pricing_profile"": ""preferential""}"
346265b4-50d2-83ec-524e-9614e96e8cdb,mass_affluent,TIER_4,VERY_HIGH,"{""segment_model"": ""wealth_behavior_scorecard"", ""primary_objective"": ""deposit_growth"", ""service_level"": ""self_service"", ""review_cycle_days"": 43, ""pricing_profile"": ""standard""}"
343c089d-efd1-14c8-7e63-d7a92ccf30ab,mass_affluent,TIER_4,HIGH,"{""segment_model"": ""wealth_behavior_scorecard"", ""primary_objective"": ""credit_uplift"", ""service_level"": ""self_service"", ""review_cycle_days"": 164, ""pricing_profile"": ""standard""}"
196277c4-9169-bda5-f997-ef3ddd0b14e0,small_business_owner,TIER_4,HIGH,"{""segment_model"": ""retail_value_model_v2"", ""primary_objective"": ""deposit_growth"", ""service_level"": ""self_service"", ""review_cycle_days"": 145, ""pricing_profile"": ""standard""}"
969f32d0-8f32-a8dc-039e-18176a71e4d6,mass_affluent,TIER_3,HIGH,"{""segment_model"": ""wealth_behavior_scorecard"", ""primary_objective"": ""credit_uplift"", ""service_level"": ""assisted"", ""review_cycle_days"": 155, ""pricing_profile"": ""preferential""}"
1e15d9b3-0359-2207-02e9-09d6ee50b4fc,mass_affluent,TIER_3,HIGH,"{""segment_model"": ""retail_value_model_v2"", ""primary_objective"": ""credit_uplift"", ""service_level"": ""assisted"", ""review_cycle_days"": 101, ""pricing_profile"": ""preferential""}"
8244477d-c448-c3df-4478-36816f8cc7c1,mass_affluent,TIER_3,HIGH,"{""segment_model"": ""retail_value_model_v2"", ""primary_objective"": ""aum_growth"", ""service_level"": ""assisted"", ""review_cycle_days"": 98, ""pricing_profile"": ""preferential""}"
59df59eb-9370-9065-8f28-bff89f08dc7c,high_net_worth,TIER_2,LOW,"{""segment_model"": ""wealth_behavior_scorecard"", ""primary_objective"": ""aum_growth"", ""service_level"": ""advisory"", ""review_cycle_days"": 43, ""pricing_profile"": ""preferential""}"
63573d3e-196e-1d9c-4e31-9bae7ea366b6,small_business_owner,TIER_2,LOW,"{""segment_model"": ""wealth_behavior_scorecard"", ""primary_objective"": ""deposit_growth"", ""service_level"": ""advisory"", ""review_cycle_days"": 87, ""pricing_profile"": ""preferential""}"
5edbd2e8-2fb1-3526-93a7-ccce52f23091,mass_affluent,TIER_3,HIGH,"{""segment_model"": ""retail_value_model_v2"", ""primary_objective"": ""cross_sell"", ""service_level"": ""assisted"", ""review_cycle_days"": 53, ""pricing_profile"": ""preferential""}"
1b8c1632-bb65-fc57-e27b-717fd2e483a8,mass_affluent,TIER_2,MEDIUM,"{""segment_model"": ""retail_value_model_v2"", ""primary_objective"": ""aum_growth"", ""service_level"": ""advisory"", ""review_cycle_days"": 105, ""pricing_profile"": ""preferential""}"
2722ce6a-6c3e-982e-1a9d-f0e2fc50260b,small_business_owner,TIER_4,HIGH,"{""segment_model"": ""retail_value_model_v2"", ""primary_objective"": ""cross_sell"", ""service_level"": ""self_service"", ""review_cycle_days"": 131, ""pricing_profile"": ""standard""}"
f55330fa-10e3-eb64-3bf4-2a95cf8ca405,emerging_affluent,TIER_2,MEDIUM,"{""segment_model"": ""wealth_behavior_scorecard"", ""primary_objective"": ""aum_growth"", ""service_level"": ""advisory"", ""review_cycle_days"": 46, ""pricing_profile"": ""preferential""}"
f9d7f339-0b55-95ae-6e8d-8ca7d782ca5a,high_net_worth,TIER_2,HIGH,"{""segment_model"": ""retail_value_model_v2"", ""primary_objective"": ""aum_growth"", ""service_level"": ""advisory"", ""review_cycle_days"": 87, ""pricing_profile"": ""preferential""}"
57c06a8f-525b-f47c-2c9b-709a0c562674,high_net_worth,TIER_3,HIGH,"{""segment_model"": ""rm_judgement_overlay"", ""primary_objective"": ""cross_sell"", ""service_level"": ""assisted"", ""review_cycle_days"": 94, ""pricing_profile"": ""preferential""}"
70087915-c4a5-6188-acf6-af6df31447ef,mass_affluent,TIER_3,HIGH,"{""segment_model"": ""retail_value_model_v2"", ""primary_objective"": ""cross_sell"", ""service_level"": ""assisted"", ""review_cycle_days"": 131, ""pricing_profile"": ""preferential""}"
42a453da-ba4a-63f0-6f43-b078e80b488a,high_net_worth,TIER_1,MEDIUM,"{""segment_model"": ""retail_value_model_v2"", ""primary_objective"": ""deposit_growth"", ""service_level"": ""concierge"", ""review_cycle_days"": 83, ""pricing_profile"": ""relationship_pricing""}"
babdf709-8ce9-a6ba-fa67-1a2fd19e1b3a,private_banking,TIER_1,LOW,"{""segment_model"": ""retail_value_model_v2"", ""primary_objective"": ""deposit_growth"", ""service_level"": ""concierge"", ""review_cycle_days"": 161, ""pricing_profile"": ""relationship_pricing""}"
252e29c0-415a-0cb3-0f02-48a3b2aefeac,small_business_owner,TIER_3,VERY_HIGH,"{""segment_model"": ""wealth_behavior_scorecard"", ""primary_objective"": ""aum_growth"", ""service_level"": ""assisted"", ""review_cycle_days"": 35, ""pricing_profile"": ""preferential""}"
46689f92-63b1-1ca3-db21-defac3e935f8,mass_affluent,TIER_2,HIGH,"{""segment_model"": ""retail_value_model_v2"", ""primary_objective"": ""cross_sell"", ""service_level"": ""advisory"", ""review_cycle_days"": 93, ""pricing_profile"": ""preferential""}"
8272de17-98f6-d13a-fcbd-8a1c2bab4bae,private_banking,TIER_1,LOW,"{""segment_model"": ""retail_value_model_v2"", ""primary_objective"": ""credit_uplift"", ""service_level"": ""concierge"", ""review_cycle_days"": 154, ""pricing_profile"": ""relationship_pricing""}"
67278e71-5c96-21d9-080e-fafb8ac390ff,emerging_affluent,TIER_2,MEDIUM,"{""segment_model"": ""rm_judgement_overlay"", ""primary_objective"": ""deposit_growth"", ""service_level"": ""advisory"", ""review_cycle_days"": 119, ""pricing_profile"": ""preferential""}"
2cd78b31-3fd6-9d02-5e9c-9bd7ab67ea95,high_net_worth,TIER_1,LOW,"{""segment_model"": ""rm_judgement_overlay"", ""primary_objective"": ""cross_sell"", ""service_level"": ""concierge"", ""review_cycle_days"": 112, ""pricing_profile"": ""relationship_pricing""}"
cede9f51-826d-76fe-6189-4620bfb6292f,high_net_worth,TIER_3,HIGH,"{""segment_model"": ""wealth_behavior_scorecard"", ""primary_objective"": ""credit_uplift"", ""service_level"": ""assisted"", ""review_cycle_days"": 89, ""pricing_profile"": ""preferential""}"
65a388ed-fdda-9934-c065-0ba275633267,mass_affluent,TIER_2,LOW,"{""segment_model"": ""retail_value_model_v2"", ""primary_objective"": ""cross_sell"", ""service_level"": ""advisory"", ""review_cycle_days"": 54, ""pricing_profile"": ""preferential""}"
bafe829e-056d-6a41-bd19-6913c6919b78,private_banking,TIER_2,MEDIUM,"{""segment_model"": ""retail_value_model_v2"", ""primary_objective"": ""credit_uplift"", ""service_level"": ""advisory"", ""review_cycle_days"": 68, ""pricing_profile"": ""preferential""}"
4190624b-9866-25d3-8905-36e94462ef24,mass_affluent,TIER_2,MEDIUM,"{""segment_model"": ""retail_value_model_v2"", ""primary_objective"": ""deposit_growth"", ""service_level"": ""advisory"", ""review_cycle_days"": 150, ""pricing_profile"": ""preferential""}"
4926c756-a8b6-563a-98be-8aaa73c705ec,mass_affluent,TIER_3,HIGH,"{""segment_model"": ""rm_judgement_overlay"", ""primary_objective"": ""aum_growth"", ""service_level"": ""assisted"", ""review_cycle_days"": 65, ""pricing_profile"": ""preferential""}"
70ce5397-cb50-8ec3-306e-5b0be01c4ae1,high_net_worth,TIER_2,MEDIUM,"{""segment_model"": ""wealth_behavior_scorecard"", ""primary_objective"": ""aum_growth"", ""service_level"": ""advisory"", ""review_cycle_days"": 109, ""pricing_profile"": ""preferential""}"
a1e44338-c902-40f8-ce1c-055504069aca,small_business_owner,TIER_4,VERY_HIGH,"{""segment_model"": ""retail_value_model_v2"", ""primary_objective"": ""deposit_growth"", ""service_level"": ""self_service"", ""review_cycle_days"": 78, ""pricing_profile"": ""standard""}"
3c017f29-d194-dd20-4282-8849121af091,high_net_worth,TIER_2,MEDIUM,"{""segment_model"": ""retail_value_model_v2"", ""primary_objective"": ""credit_uplift"", ""service_level"": ""advisory"", ""review_cycle_days"": 62, ""pricing_profile"": ""preferential""}"
89c0df9b-c105-450f-73b2-c19a56cd69e9,mass_affluent,TIER_3,VERY_HIGH,"{""segment_model"": ""retail_value_model_v2"", ""primary_objective"": ""cross_sell"", ""service_level"": ""assisted"", ""review_cycle_days"": 66, ""pricing_profile"": ""preferential""}"
c7784f95-f821-0742-a7b7-3870c1aa76bb,emerging_affluent,TIER_4,VERY_HIGH,"{""segment_model"": ""retail_value_model_v2"", ""primary_objective"": ""deposit_growth"", ""service_level"": ""self_service"", ""review_cycle_days"": 37, ""pricing_profile"": ""standard""}"
98ab6d80-ff79-fef5-e412-714bb2167326,mass_affluent,TIER_3,HIGH,"{""segment_model"": ""wealth_behavior_scorecard"", ""primary_objective"": ""cross_sell"", ""service_level"": ""assisted"", ""review_cycle_days"": 172, ""pricing_profile"": ""preferential""}"
0dc33324-a03d-50f4-e19f-4797fb9c3647,emerging_affluent,TIER_3,MEDIUM,"{""segment_model"": ""wealth_behavior_scorecard"", ""primary_objective"": ""cross_sell"", ""service_level"": ""assisted"", ""review_cycle_days"": 174, ""pricing_profile"": ""preferential""}"
17b3fc48-d7a3-a4ee-0413-9313c0665dd0,mass_affluent,TIER_3,MEDIUM,"{""segment_model"": ""retail_value_model_v2"", ""primary_objective"": ""deposit_growth"", ""service_level"": ""assisted"", ""review_cycle_days"": 57, ""pricing_profile"": ""preferential""}"
360f8136-bbe7-6222-5f51-8a9ba93e7828,emerging_affluent,TIER_4,HIGH,"{""segment_model"": ""retail_value_model_v2"", ""primary_objective"": ""deposit_growth"", ""service_level"": ""self_service"", ""review_cycle_days"": 107, ""pricing_profile"": ""standard""}"
32aad2ec-ee18-5198-7a55-8b87e5682272,emerging_affluent,TIER_3,LOW,"{""segment_model"": ""wealth_behavior_scorecard"", ""primary_objective"": ""credit_uplift"", ""service_level"": ""assisted"", ""review_cycle_days"": 53, ""pricing_profile"": ""preferential""}"
1ede4544-bcfb-80c9-da99-2489e91c7e9d,mass_affluent,TIER_3,MEDIUM,"{""segment_model"": ""retail_value_model_v2"", ""primary_objective"": ""cross_sell"", ""service_level"": ""assisted"", ""review_cycle_days"": 164, ""pricing_profile"": ""preferential""}"
41e7d0dc-5cb3-0a3a-db41-dd24a2348e1b,high_net_worth,TIER_2,LOW,"{""segment_model"": ""wealth_behavior_scorecard"", ""primary_objective"": ""aum_growth"", ""service_level"": ""advisory"", ""review_cycle_days"": 49, ""pricing_profile"": ""preferential""}"
1e3d5c71-7539-0da8-94d2-6115ab370605,mass_affluent,TIER_3,VERY_HIGH,"{""segment_model"": ""rm_judgement_overlay"", ""primary_objective"": ""aum_growth"", ""service_level"": ""assisted"", ""review_cycle_days"": 105, ""pricing_profile"": ""preferential""}"
92ce1a2f-d0bd-d489-cf89-37c3cac30de2,high_net_worth,TIER_1,LOW,"{""segment_model"": ""retail_value_model_v2"", ""primary_objective"": ""aum_growth"", ""service_level"": ""concierge"", ""review_cycle_days"": 59, ""pricing_profile"": ""relationship_pricing""}"
a74a0754-8739-c7f9-5b6c-dc13af8475e0,mass_affluent,TIER_3,HIGH,"{""segment_model"": ""retail_value_model_v2"", ""primary_objective"": ""deposit_growth"", ""service_level"": ""assisted"", ""review_cycle_days"": 146, ""pricing_profile"": ""preferential""}"
b6830be3-eb1e-7436-290b-23b0a156e2eb,mass_affluent,TIER_3,HIGH,"{""segment_model"": ""retail_value_model_v2"", ""primary_objective"": ""cross_sell"", ""service_level"": ""assisted"", ""review_cycle_days"": 47, ""pricing_profile"": ""preferential""}"
774ba855-21c9-3abe-6ff6-cf97d329445b,mass_affluent,TIER_3,HIGH,"{""segment_model"": ""retail_value_model_v2"", ""primary_objective"": ""credit_uplift"", ""service_level"": ""assisted"", ""review_cycle_days"": 179, ""pricing_profile"": ""preferential""}"
d4e5a389-e19b-909f-0b97-6329c3eab3b6,mass_affluent,TIER_2,LOW,"{""segment_model"": ""retail_value_model_v2"", ""primary_objective"": ""deposit_growth"", ""service_level"": ""advisory"", ""review_cycle_days"": 79, ""pricing_profile"": ""preferential""}"
ebcb60d9-230e-6cdf-d10c-db10b8ed1a58,mass_affluent,TIER_3,HIGH,"{""segment_model"": ""retail_value_model_v2"", ""primary_objective"": ""deposit_growth"", ""service_level"": ""assisted"", ""review_cycle_days"": 157, ""pricing_profile"": ""preferential""}"
99fef9c0-984d-2be3-8d70-5fb0e1feb771,mass_affluent,TIER_4,HIGH,"{""segment_model"": ""wealth_behavior_scorecard"", ""primary_objective"": ""deposit_growth"", ""service_level"": ""self_service"", ""review_cycle_days"": 110, ""pricing_profile"": ""standard""}"
5d7a5063-bedd-802c-c647-d6c763c75e33,mass_affluent,TIER_3,MEDIUM,"{""segment_model"": ""wealth_behavior_scorecard"", ""primary_objective"": ""cross_sell"", ""service_level"": ""assisted"", ""review_cycle_days"": 108, ""pricing_profile"": ""preferential""}"
0e3681dd-0205-7bb7-d28b-55caa0960dde,emerging_affluent,TIER_4,HIGH,"{""segment_model"": ""rm_judgement_overlay"", ""primary_objective"": ""deposit_growth"", ""service_level"": ""self_service"", ""review_cycle_days"": 117, ""pricing_profile"": ""standard""}"
f66d439b-6576-3f13-5cd4-8b835d486d52,high_net_worth,TIER_2,LOW,"{""segment_model"": ""retail_value_model_v2"", ""primary_objective"": ""deposit_growth"", ""service_level"": ""advisory"", ""review_cycle_days"": 176, ""pricing_profile"": ""preferential""}"
4114e7a5-c1d7-9e5c-752d-3135980ccb69,high_net_worth,TIER_1,LOW,"{""segment_model"": ""wealth_behavior_scorecard"", ""primary_objective"": ""deposit_growth"", ""service_level"": ""concierge"", ""review_cycle_days"": 70, ""pricing_profile"": ""relationship_pricing""}"
b5c4d1a7-42a3-9e71-85ae-2014082d2e26,private_banking,TIER_3,HIGH,"{""segment_model"": ""retail_value_model_v2"", ""primary_objective"": ""cross_sell"", ""service_level"": ""assisted"", ""review_cycle_days"": 63, ""pricing_profile"": ""preferential""}"
6dc3c859-8ae3-5fbd-0156-5b1b01eb62fd,mass_affluent,TIER_3,HIGH,"{""segment_model"": ""wealth_behavior_scorecard"", ""primary_objective"": ""cross_sell"", ""service_level"": ""assisted"", ""review_cycle_days"": 66, ""pricing_profile"": ""preferential""}"
a49ee6dd-167c-85eb-2795-b40b0cfa120c,mass_affluent,TIER_3,VERY_HIGH,"{""segment_model"": ""rm_judgement_overlay"", ""primary_objective"": ""cross_sell"", ""service_level"": ""assisted"", ""review_cycle_days"": 68, ""pricing_profile"": ""preferential""}"
a804f7d3-2d40-816d-11cb-3bc3c3889f62,high_net_worth,TIER_1,LOW,"{""segment_model"": ""retail_value_model_v2"", ""primary_objective"": ""aum_growth"", ""service_level"": ""concierge"", ""review_cycle_days"": 44, ""pricing_profile"": ""relationship_pricing""}"
4692bda3-d524-35ab-b5fe-9a5ea2599b43,emerging_affluent,TIER_4,VERY_HIGH,"{""segment_model"": ""retail_value_model_v2"", ""primary_objective"": ""deposit_growth"", ""service_level"": ""self_service"", ""review_cycle_days"": 74, ""pricing_profile"": ""standard""}"
f549db03-f6f1-3063-6425-9047f9ac5245,emerging_affluent,TIER_3,MEDIUM,"{""segment_model"": ""retail_value_model_v2"", ""primary_objective"": ""aum_growth"", ""service_level"": ""assisted"", ""review_cycle_days"": 54, ""pricing_profile"": ""preferential""}"
0e65597c-d0df-9691-a962-338c8183bfbd,emerging_affluent,TIER_4,VERY_HIGH,"{""segment_model"": ""wealth_behavior_scorecard"", ""primary_objective"": ""aum_growth"", ""service_level"": ""self_service"", ""review_cycle_days"": 130, ""pricing_profile"": ""standard""}"
b67c26b8-076e-8d1e-c817-0ea4ea651c19,high_net_worth,TIER_2,VERY_HIGH,"{""segment_model"": ""rm_judgement_overlay"", ""primary_objective"": ""credit_uplift"", ""service_level"": ""advisory"", ""review_cycle_days"": 56, ""pricing_profile"": ""preferential""}"
e1b6dc23-1df6-d40d-b211-2a699e458077,mass_affluent,TIER_3,HIGH,"{""segment_model"": ""retail_value_model_v2"", ""primary_objective"": ""aum_growth"", ""service_level"": ""assisted"", ""review_cycle_days"": 101, ""pricing_profile"": ""preferential""}"
849cbfe8-eb34-79c9-3873-50a8280bff70,private_banking,TIER_1,HIGH,"{""segment_model"": ""retail_value_model_v2"", ""primary_objective"": ""aum_growth"", ""service_level"": ""concierge"", ""review_cycle_days"": 99, ""pricing_profile"": ""relationship_pricing""}"
be62b34e-36ab-a760-9312-9f991d7c7214,emerging_affluent,TIER_4,HIGH,"{""segment_model"": ""wealth_behavior_scorecard"", ""primary_objective"": ""cross_sell"", ""service_level"": ""self_service"", ""review_cycle_days"": 35, ""pricing_profile"": ""standard""}"
ea7e00af-a3d1-f536-839f-d649911482f7,emerging_affluent,TIER_4,VERY_HIGH,"{""segment_model"": ""wealth_behavior_scorecard"", ""primary_objective"": ""credit_uplift"", ""service_level"": ""self_service"", ""review_cycle_days"": 156, ""pricing_profile"": ""standard""}"
66951c63-c1ab-8413-6f5c-8bd0b23c05b4,mass_affluent,TIER_3,HIGH,"{""segment_model"": ""retail_value_model_v2"", ""primary_objective"": ""deposit_growth"", ""service_level"": ""assisted"", ""review_cycle_days"": 95, ""pricing_profile"": ""preferential""}"
a7049846-ffa3-3f59-2cdd-388c127b870a,mass_affluent,TIER_3,HIGH,"{""segment_model"": ""retail_value_model_v2"", ""primary_objective"": ""deposit_growth"", ""service_level"": ""assisted"", ""review_cycle_days"": 85, ""pricing_profile"": ""preferential""}"
c4277ed3-34ff-13a1-f252-b31033baaeac,mass_affluent,TIER_3,HIGH,"{""segment_model"": ""rm_judgement_overlay"", ""primary_objective"": ""credit_uplift"", ""service_level"": ""assisted"", ""review_cycle_days"": 67, ""pricing_profile"": ""preferential""}"
b9d84cec-6be1-d006-e312-12f3c56ac6f7,small_business_owner,TIER_3,HIGH,"{""segment_model"": ""retail_value_model_v2"", ""primary_objective"": ""aum_growth"", ""service_level"": ""assisted"", ""review_cycle_days"": 104, ""pricing_profile"": ""preferential""}"
782610d8-e489-4312-9244-967afa31381b,high_net_worth,TIER_1,LOW,"{""segment_model"": ""retail_value_model_v2"", ""primary_objective"": ""aum_growth"", ""service_level"": ""concierge"", ""review_cycle_days"": 125, ""pricing_profile"": ""relationship_pricing""}"
d67ba211-5234-7ed7-ecb4-8a70bdcb403e,mass_affluent,TIER_2,MEDIUM,"{""segment_model"": ""wealth_behavior_scorecard"", ""primary_objective"": ""aum_growth"", ""service_level"": ""advisory"", ""review_cycle_days"": 78, ""pricing_profile"": ""preferential""}"
26d009fc-1702-d25f-4963-54b553969f19,mass_affluent,TIER_3,MEDIUM,"{""segment_model"": ""retail_value_model_v2"", ""primary_objective"": ""aum_growth"", ""service_level"": ""assisted"", ""review_cycle_days"": 80, ""pricing_profile"": ""preferential""}"
2238645b-03ec-71f5-05fc-bd26368f1157,mass_affluent,TIER_3,HIGH,"{""segment_model"": ""wealth_behavior_scorecard"", ""primary_objective"": ""credit_uplift"", ""service_level"": ""assisted"", ""review_cycle_days"": 165, ""pricing_profile"": ""preferential""}"
0531f6b2-994f-80e1-8f6c-f9f0baa139de,high_net_worth,TIER_2,MEDIUM,"{""segment_model"": ""retail_value_model_v2"", ""primary_objective"": ""credit_uplift"", ""service_level"": ""advisory"", ""review_cycle_days"": 64, ""pricing_profile"": ""preferential""}"
230dd42c-0814-e5b6-0dce-fb02767b531e,high_net_worth,TIER_2,MEDIUM,"{""segment_model"": ""retail_value_model_v2"", ""primary_objective"": ""deposit_growth"", ""service_level"": ""advisory"", ""review_cycle_days"": 80, ""pricing_profile"": ""preferential""}"
89b43e89-57d5-1fb8-ce58-19b19598ca14,high_net_worth,TIER_2,MEDIUM,"{""segment_model"": ""retail_value_model_v2"", ""primary_objective"": ""cross_sell"", ""service_level"": ""advisory"", ""review_cycle_days"": 173, ""pricing_profile"": ""preferential""}"
ad4676b3-b55a-c85f-965c-ea061654d32a,mass_affluent,TIER_3,MEDIUM,"{""segment_model"": ""wealth_behavior_scorecard"", ""primary_objective"": ""cross_sell"", ""service_level"": ""assisted"", ""review_cycle_days"": 65, ""pricing_profile"": ""preferential""}"
d5e61733-2aa8-080f-b134-0ee82ced2892,mass_affluent,TIER_3,HIGH,"{""segment_model"": ""wealth_behavior_scorecard"", ""primary_objective"": ""cross_sell"", ""service_level"": ""assisted"", ""review_cycle_days"": 84, ""pricing_profile"": ""preferential""}"
12a56040-e9cb-ebac-38b5-27fe5df5dcfc,emerging_affluent,TIER_2,MEDIUM,"{""segment_model"": ""retail_value_model_v2"", ""primary_objective"": ""aum_growth"", ""service_level"": ""advisory"", ""review_cycle_days"": 46, ""pricing_profile"": ""preferential""}"
c9f8648b-6f3c-bce9-41dc-989242895805,mass_affluent,TIER_3,HIGH,"{""segment_model"": ""wealth_behavior_scorecard"", ""primary_objective"": ""deposit_growth"", ""service_level"": ""assisted"", ""review_cycle_days"": 120, ""pricing_profile"": ""preferential""}"
295a6992-e1ec-17af-a89a-866ee23fc2ae,high_net_worth,TIER_2,MEDIUM,"{""segment_model"": ""retail_value_model_v2"", ""primary_objective"": ""credit_uplift"", ""service_level"": ""advisory"", ""review_cycle_days"": 148, ""pricing_profile"": ""preferential""}"
08310b60-6f93-2715-1aaf-9a5795ce845c,emerging_affluent,TIER_3,VERY_HIGH,"{""segment_model"": ""retail_value_model_v2"", ""primary_objective"": ""cross_sell"", ""service_level"": ""assisted"", ""review_cycle_days"": 90, ""pricing_profile"": ""preferential""}"
ad5d80fc-840d-37c9-696a-075edfac1a0e,small_business_owner,TIER_4,VERY_HIGH,"{""segment_model"": ""retail_value_model_v2"", ""primary_objective"": ""aum_growth"", ""service_level"": ""self_service"", ""review_cycle_days"": 90, ""pricing_profile"": ""standard""}"
46f9a43d-8f7e-cb85-023e-5bc759ce5284,emerging_affluent,TIER_4,VERY_HIGH,"{""segment_model"": ""retail_value_model_v2"", ""primary_objective"": ""cross_sell"", ""service_level"": ""self_service"", ""review_cycle_days"": 155, ""pricing_profile"": ""standard""}"
c294afda-bead-220f-92bf-e5c2e7ca53b2,high_net_worth,TIER_2,MEDIUM,"{""segment_model"": ""rm_judgement_overlay"", ""primary_objective"": ""deposit_growth"", ""service_level"": ""advisory"", ""review_cycle_days"": 43, ""pricing_profile"": ""preferential""}"
cd3364c5-4f20-61f9-f401-0bc5b3e6351f,high_net_worth,TIER_1,LOW,"{""segment_model"": ""retail_value_model_v2"", ""primary_objective"": ""deposit_growth"", ""service_level"": ""concierge"", ""review_cycle_days"": 133, ""pricing_profile"": ""relationship_pricing""}"
2a01f28b-97de-788c-f113-8332ef326328,emerging_affluent,TIER_2,LOW,"{""segment_model"": ""retail_value_model_v2"", ""primary_objective"": ""cross_sell"", ""service_level"": ""advisory"", ""review_cycle_days"": 144, ""pricing_profile"": ""preferential""}"
4ebbd004-805a-d410-6c1b-e683638ce03a,mass_affluent,TIER_4,VERY_HIGH,"{""segment_model"": ""wealth_behavior_scorecard"", ""primary_objective"": ""aum_growth"", ""service_level"": ""self_service"", ""review_cycle_days"": 51, ""pricing_profile"": ""standard""}"
b805964c-9f92-b52f-7a8e-695207b69dac,emerging_affluent,TIER_4,MEDIUM,"{""segment_model"": ""retail_value_model_v2"", ""primary_objective"": ""deposit_growth"", ""service_level"": ""self_service"", ""review_cycle_days"": 124, ""pricing_profile"": ""standard""}"
c58ab38c-09d9-c765-8bc3-c7089b779d3a,emerging_affluent,TIER_4,VERY_HIGH,"{""segment_model"": ""wealth_behavior_scorecard"", ""primary_objective"": ""credit_uplift"", ""service_level"": ""self_service"", ""review_cycle_days"": 35, ""pricing_profile"": ""standard""}"
28beebfd-8678-1207-6e5b-7f5e0b927c72,mass_affluent,TIER_3,HIGH,"{""segment_model"": ""retail_value_model_v2"", ""primary_objective"": ""credit_uplift"", ""service_level"": ""assisted"", ""review_cycle_days"": 85, ""pricing_profile"": ""preferential""}"
3fac7f30-b6b5-9b39-3c28-ef7ed57d0146,high_net_worth,TIER_2,MEDIUM,"{""segment_model"": ""rm_judgement_overlay"", ""primary_objective"": ""aum_growth"", ""service_level"": ""advisory"", ""review_cycle_days"": 164, ""pricing_profile"": ""preferential""}"
16fc5317-1537-2e61-eb2e-e593a87063fa,emerging_affluent,TIER_3,HIGH,"{""segment_model"": ""wealth_behavior_scorecard"", ""primary_objective"": ""credit_uplift"", ""service_level"": ""assisted"", ""review_cycle_days"": 86, ""pricing_profile"": ""preferential""}"
416604e3-3e0e-acaf-a431-e5402527754e,mass_affluent,TIER_3,HIGH,"{""segment_model"": ""retail_value_model_v2"", ""primary_objective"": ""aum_growth"", ""service_level"": ""assisted"", ""review_cycle_days"": 51, ""pricing_profile"": ""preferential""}"
a4902a82-d4e9-1a6f-06bb-9876ed0454c1,mass_affluent,TIER_3,HIGH,"{""segment_model"": ""wealth_behavior_scorecard"", ""primary_objective"": ""deposit_growth"", ""service_level"": ""assisted"", ""review_cycle_days"": 48, ""pricing_profile"": ""preferential""}"
78a8e3aa-ee20-6678-323b-8bf5feb7d8ac,mass_affluent,TIER_3,MEDIUM,"{""segment_model"": ""wealth_behavior_scorecard"", ""primary_objective"": ""deposit_growth"", ""service_level"": ""assisted"", ""review_cycle_days"": 125, ""pricing_profile"": ""preferential""}"
5f8604a5-3246-fb58-342b-9d9d1716886a,private_banking,TIER_1,MEDIUM,"{""segment_model"": ""rm_judgement_overlay"", ""primary_objective"": ""aum_growth"", ""service_level"": ""concierge"", ""review_cycle_days"": 60, ""pricing_profile"": ""relationship_pricing""}"
fbe89d6a-2464-06db-31ca-5d2f9d97b919,high_net_worth,TIER_2,MEDIUM,"{""segment_model"": ""rm_judgement_overlay"", ""primary_objective"": ""credit_uplift"", ""service_level"": ""advisory"", ""review_cycle_days"": 163, ""pricing_profile"": ""preferential""}"
f09bf59d-bcb3-472c-55d3-805df4713a70,mass_affluent,TIER_2,MEDIUM,"{""segment_model"": ""retail_value_model_v2"", ""primary_objective"": ""deposit_growth"", ""service_level"": ""advisory"", ""review_cycle_days"": 121, ""pricing_profile"": ""preferential""}"
df531a4c-3740-5866-3d67-0c432845e545,mass_affluent,TIER_3,VERY_HIGH,"{""segment_model"": ""wealth_behavior_scorecard"", ""primary_objective"": ""aum_growth"", ""service_level"": ""assisted"", ""review_cycle_days"": 163, ""pricing_profile"": ""preferential""}"
2bb1dd5a-6ed8-e1b7-8c81-b22ddf78814e,high_net_worth,TIER_1,MEDIUM,"{""segment_model"": ""rm_judgement_overlay"", ""primary_objective"": ""aum_growth"", ""service_level"": ""concierge"", ""review_cycle_days"": 160, ""pricing_profile"": ""relationship_pricing""}"
afbe5335-1c2f-7370-c919-36ae1f490777,emerging_affluent,TIER_3,HIGH,"{""segment_model"": ""wealth_behavior_scorecard"", ""primary_objective"": ""cross_sell"", ""service_level"": ""assisted"", ""review_cycle_days"": 78, ""pricing_profile"": ""preferential""}"
94da5859-7ba1-b329-43b4-1bdbb17454b4,mass_affluent,TIER_3,HIGH,"{""segment_model"": ""retail_value_model_v2"", ""primary_objective"": ""deposit_growth"", ""service_level"": ""assisted"", ""review_cycle_days"": 48, ""pricing_profile"": ""preferential""}"
659eb8e4-3df6-ebe0-a6d8-ad973cabe63a,emerging_affluent,TIER_2,MEDIUM,"{""segment_model"": ""retail_value_model_v2"", ""primary_objective"": ""credit_uplift"", ""service_level"": ""advisory"", ""review_cycle_days"": 93, ""pricing_profile"": ""preferential""}"
5ee552ab-5ada-9e72-25fb-a674e88a2b77,emerging_affluent,TIER_4,VERY_HIGH,"{""segment_model"": ""wealth_behavior_scorecard"", ""primary_objective"": ""cross_sell"", ""service_level"": ""self_service"", ""review_cycle_days"": 69, ""pricing_profile"": ""standard""}"
fe70a277-cb19-69b1-5ded-5ba950b160dc,mass_affluent,TIER_2,LOW,"{""segment_model"": ""rm_judgement_overlay"", ""primary_objective"": ""credit_uplift"", ""service_level"": ""advisory"", ""review_cycle_days"": 130, ""pricing_profile"": ""preferential""}"
7394df7a-0fbc-ad56-048f-fc7b16912952,emerging_affluent,TIER_2,MEDIUM,"{""segment_model"": ""retail_value_model_v2"", ""primary_objective"": ""cross_sell"", ""service_level"": ""advisory"", ""review_cycle_days"": 47, ""pricing_profile"": ""preferential""}"
1ef200af-b326-c087-0cd9-d29424f89eb1,mass_affluent,TIER_4,HIGH,"{""segment_model"": ""retail_value_model_v2"", ""primary_objective"": ""cross_sell"", ""service_level"": ""self_service"", ""review_cycle_days"": 151, ""pricing_profile"": ""standard""}"
9a17c583-eae4-33d2-122a-0becefcad808,small_business_owner,TIER_2,MEDIUM,"{""segment_model"": ""retail_value_model_v2"", ""primary_objective"": ""aum_growth"", ""service_level"": ""advisory"", ""review_cycle_days"": 88, ""pricing_profile"": ""preferential""}"
ec52d8d2-ebea-6134-67b9-ef049e22aaaa,emerging_affluent,TIER_4,VERY_HIGH,"{""segment_model"": ""retail_value_model_v2"", ""primary_objective"": ""deposit_growth"", ""service_level"": ""self_service"", ""review_cycle_days"": 60, ""pricing_profile"": ""standard""}"
f0ed2b49-2fd7-e008-e778-aea86f157ca1,small_business_owner,TIER_3,HIGH,"{""segment_model"": ""retail_value_model_v2"", ""primary_objective"": ""cross_sell"", ""service_level"": ""assisted"", ""review_cycle_days"": 90, ""pricing_profile"": ""preferential""}"
c7eb4988-6fea-7a0a-6fbd-a7c482cfc5af,mass_affluent,TIER_3,MEDIUM,"{""segment_model"": ""retail_value_model_v2"", ""primary_objective"": ""deposit_growth"", ""service_level"": ""assisted"", ""review_cycle_days"": 173, ""pricing_profile"": ""preferential""}"
c24cd098-094d-3887-ca01-e5bd2415acb9,mass_affluent,TIER_2,MEDIUM,"{""segment_model"": ""rm_judgement_overlay"", ""primary_objective"": ""deposit_growth"", ""service_level"": ""advisory"", ""review_cycle_days"": 56, ""pricing_profile"": ""preferential""}"
47704b76-afae-4421-447c-f155870a7dc3,private_banking,TIER_2,MEDIUM,"{""segment_model"": ""retail_value_model_v2"", ""primary_objective"": ""deposit_growth"", ""service_level"": ""advisory"", ""review_cycle_days"": 64, ""pricing_profile"": ""preferential""}"
06491be3-ac1f-7413-dcfd-e7ab6b71091f,small_business_owner,TIER_3,HIGH,"{""segment_model"": ""rm_judgement_overlay"", ""primary_objective"": ""credit_uplift"", ""service_level"": ""assisted"", ""review_cycle_days"": 175, ""pricing_profile"": ""preferential""}"
2da4c946-54fc-172e-4b58-054d8cecd204,high_net_worth,TIER_2,VERY_HIGH,"{""segment_model"": ""retail_value_model_v2"", ""primary_objective"": ""credit_uplift"", ""service_level"": ""advisory"", ""review_cycle_days"": 51, ""pricing_profile"": ""preferential""}"
eabf26a1-07de-efa1-6809-2d6fbfd1a585,private_banking,TIER_2,MEDIUM,"{""segment_model"": ""wealth_behavior_scorecard"", ""primary_objective"": ""aum_growth"", ""service_level"": ""advisory"", ""review_cycle_days"": 36, ""pricing_profile"": ""preferential""}"
5c3e8f16-1eee-2bc8-e0a7-5b6de3fc5873,small_business_owner,TIER_3,LOW,"{""segment_model"": ""wealth_behavior_scorecard"", ""primary_objective"": ""cross_sell"", ""service_level"": ""assisted"", ""review_cycle_days"": 152, ""pricing_profile"": ""preferential""}"
cd5639c9-d5ad-4f81-d9be-b851fe13b0af,high_net_worth,TIER_2,MEDIUM,"{""segment_model"": ""retail_value_model_v2"", ""primary_objective"": ""cross_sell"", ""service_level"": ""advisory"", ""review_cycle_days"": 100, ""pricing_profile"": ""preferential""}"
3ea5489d-c762-0363-401e-26e5300b76df,mass_affluent,TIER_3,HIGH,"{""segment_model"": ""retail_value_model_v2"", ""primary_objective"": ""cross_sell"", ""service_level"": ""assisted"", ""review_cycle_days"": 72, ""pricing_profile"": ""preferential""}"
d0731555-9d20-dad5-2f68-eef43398de9a,high_net_worth,TIER_1,MEDIUM,"{""segment_model"": ""rm_judgement_overlay"", ""primary_objective"": ""cross_sell"", ""service_level"": ""concierge"", ""review_cycle_days"": 102, ""pricing_profile"": ""relationship_pricing""}"
2221f849-ff8b-619c-b849-f80a64f07fbc,small_business_owner,TIER_4,VERY_HIGH,"{""segment_model"": ""retail_value_model_v2"", ""primary_objective"": ""deposit_growth"", ""service_level"": ""self_service"", ""review_cycle_days"": 53, ""pricing_profile"": ""standard""}"
7e9af3d3-41a8-c94d-a845-d85300150385,mass_affluent,TIER_3,HIGH,"{""segment_model"": ""retail_value_model_v2"", ""primary_objective"": ""aum_growth"", ""service_level"": ""assisted"", ""review_cycle_days"": 60, ""pricing_profile"": ""preferential""}"
bdf75367-239a-605e-899d-5d813cb0b558,mass_affluent,TIER_3,HIGH,"{""segment_model"": ""rm_judgement_overlay"", ""primary_objective"": ""deposit_growth"", ""service_level"": ""assisted"", ""review_cycle_days"": 79, ""pricing_profile"": ""preferential""}"
6f0c1e79-bec3-9f93-2fc9-e42257071529,small_business_owner,TIER_4,VERY_HIGH,"{""segment_model"": ""retail_value_model_v2"", ""primary_objective"": ""aum_growth"", ""service_level"": ""self_service"", ""review_cycle_days"": 87, ""pricing_profile"": ""standard""}"
6d95ad38-d6ae-8b6e-606a-65f7b9ecaec0,emerging_affluent,TIER_3,MEDIUM,"{""segment_model"": ""retail_value_model_v2"", ""primary_objective"": ""aum_growth"", ""service_level"": ""assisted"", ""review_cycle_days"": 37, ""pricing_profile"": ""preferential""}"
91ffe696-65bc-58dd-dcf5-f479719eb216,private_banking,TIER_1,LOW,"{""segment_model"": ""wealth_behavior_scorecard"", ""primary_objective"": ""deposit_growth"", ""service_level"": ""concierge"", ""review_cycle_days"": 155, ""pricing_profile"": ""relationship_pricing""}"
7945a8dd-953b-1514-1f04-41334af9b051,emerging_affluent,TIER_4,HIGH,"{""segment_model"": ""wealth_behavior_scorecard"", ""primary_objective"": ""deposit_growth"", ""service_level"": ""self_service"", ""review_cycle_days"": 140, ""pricing_profile"": ""standard""}"
c224e054-e2b1-f4c0-d39a-41e79fb94b16,small_business_owner,TIER_3,HIGH,"{""segment_model"": ""wealth_behavior_scorecard"", ""primary_objective"": ""deposit_growth"", ""service_level"": ""assisted"", ""review_cycle_days"": 47, ""pricing_profile"": ""preferential""}"
e0e167e8-2cde-deea-e1f4-b47967cfd602,high_net_worth,TIER_3,HIGH,"{""segment_model"": ""retail_value_model_v2"", ""primary_objective"": ""credit_uplift"", ""service_level"": ""assisted"", ""review_cycle_days"": 50, ""pricing_profile"": ""preferential""}"
7735b9da-39f5-4451-e3b0-9eee519e1fae,mass_affluent,TIER_3,HIGH,"{""segment_model"": ""retail_value_model_v2"", ""primary_objective"": ""credit_uplift"", ""service_level"": ""assisted"", ""review_cycle_days"": 146, ""pricing_profile"": ""preferential""}"
ab0911f4-0cf6-e22e-0215-3884e85d839d,emerging_affluent,TIER_3,LOW,"{""segment_model"": ""retail_value_model_v2"", ""primary_objective"": ""deposit_growth"", ""service_level"": ""assisted"", ""review_cycle_days"": 108, ""pricing_profile"": ""preferential""}"
84541461-00dc-342a-567b-5787e8489175,private_banking,TIER_1,LOW,"{""segment_model"": ""retail_value_model_v2"", ""primary_objective"": ""credit_uplift"", ""service_level"": ""concierge"", ""review_cycle_days"": 35, ""pricing_profile"": ""relationship_pricing""}"
ea37aaca-8f2c-98e7-cb11-24a2764ef16d,emerging_affluent,TIER_2,HIGH,"{""segment_model"": ""retail_value_model_v2"", ""primary_objective"": ""aum_growth"", ""service_level"": ""advisory"", ""review_cycle_days"": 112, ""pricing_profile"": ""preferential""}"
464d2378-7fcc-8662-a237-456434ba2108,mass_affluent,TIER_2,MEDIUM,"{""segment_model"": ""wealth_behavior_scorecard"", ""primary_objective"": ""deposit_growth"", ""service_level"": ""advisory"", ""review_cycle_days"": 74, ""pricing_profile"": ""preferential""}"
9fc1be8c-7d98-0be0-e398-c3fb9e8f069b,mass_affluent,TIER_3,HIGH,"{""segment_model"": ""wealth_behavior_scorecard"", ""primary_objective"": ""deposit_growth"", ""service_level"": ""assisted"", ""review_cycle_days"": 130, ""pricing_profile"": ""preferential""}"
ac55b194-944a-666a-271f-cc8408ba4b34,emerging_affluent,TIER_4,HIGH,"{""segment_model"": ""wealth_behavior_scorecard"", ""primary_objective"": ""aum_growth"", ""service_level"": ""self_service"", ""review_cycle_days"": 134, ""pricing_profile"": ""standard""}"
1bbe350b-b7b6-c17d-7dcf-b68421570983,mass_affluent,TIER_3,MEDIUM,"{""segment_model"": ""rm_judgement_overlay"", ""primary_objective"": ""aum_growth"", ""service_level"": ""assisted"", ""review_cycle_days"": 68, ""pricing_profile"": ""preferential""}"
00be10dd-23a0-7ae7-8f5f-923bd1dee223,high_net_worth,TIER_2,HIGH,"{""segment_model"": ""wealth_behavior_scorecard"", ""primary_objective"": ""aum_growth"", ""service_level"": ""advisory"", ""review_cycle_days"": 162, ""pricing_profile"": ""preferential""}"
8930c7c4-367d-5182-fa0b-81efdac0e9c1,mass_affluent,TIER_3,HIGH,"{""segment_model"": ""retail_value_model_v2"", ""primary_objective"": ""aum_growth"", ""service_level"": ""assisted"", ""review_cycle_days"": 91, ""pricing_profile"": ""preferential""}"
b00ab2b3-c9f0-5666-2cc2-23481a56ba50,mass_affluent,TIER_4,VERY_HIGH,"{""segment_model"": ""wealth_behavior_scorecard"", ""primary_objective"": ""credit_uplift"", ""service_level"": ""self_service"", ""review_cycle_days"": 52, ""pricing_profile"": ""standard""}"
85b4f907-f942-317d-a7d6-60851998d863,high_net_worth,TIER_2,MEDIUM,"{""segment_model"": ""wealth_behavior_scorecard"", ""primary_objective"": ""deposit_growth"", ""service_level"": ""advisory"", ""review_cycle_days"": 139, ""pricing_profile"": ""preferential""}"
ce378041-97ca-7017-6118-d5e72d900624,emerging_affluent,TIER_4,HIGH,"{""segment_model"": ""retail_value_model_v2"", ""primary_objective"": ""credit_uplift"", ""service_level"": ""self_service"", ""review_cycle_days"": 55, ""pricing_profile"": ""standard""}"
cb3d1a93-39a5-abcd-1f02-aded8edb3aca,high_net_worth,TIER_2,LOW,"{""segment_model"": ""retail_value_model_v2"", ""primary_objective"": ""cross_sell"", ""service_level"": ""advisory"", ""review_cycle_days"": 56, ""pricing_profile"": ""preferential""}"
17619cb4-4016-f6a1-ad62-c90750fe03f7,mass_affluent,TIER_3,MEDIUM,"{""segment_model"": ""rm_judgement_overlay"", ""primary_objective"": ""credit_uplift"", ""service_level"": ""assisted"", ""review_cycle_days"": 135, ""pricing_profile"": ""preferential""}"
6089ac05-39b5-8f3f-9ce6-494b65744fe1,mass_affluent,TIER_3,VERY_HIGH,"{""segment_model"": ""retail_value_model_v2"", ""primary_objective"": ""deposit_growth"", ""service_level"": ""assisted"", ""review_cycle_days"": 50, ""pricing_profile"": ""preferential""}"
9d6be26a-455f-113f-30aa-65103027d0a2,small_business_owner,TIER_3,HIGH,"{""segment_model"": ""rm_judgement_overlay"", ""primary_objective"": ""deposit_growth"", ""service_level"": ""assisted"", ""review_cycle_days"": 124, ""pricing_profile"": ""preferential""}"
a3ae4e61-078f-ee3a-fe65-dedf994a4a32,emerging_affluent,TIER_3,MEDIUM,"{""segment_model"": ""wealth_behavior_scorecard"", ""primary_objective"": ""deposit_growth"", ""service_level"": ""assisted"", ""review_cycle_days"": 107, ""pricing_profile"": ""preferential""}"
0c8bf741-c405-45b0-e06d-957c10e7c44a,high_net_worth,TIER_2,MEDIUM,"{""segment_model"": ""rm_judgement_overlay"", ""primary_objective"": ""deposit_growth"", ""service_level"": ""advisory"", ""review_cycle_days"": 166, ""pricing_profile"": ""preferential""}"
9f1b67f9-9102-e31f-44d4-9f298b80abaf,small_business_owner,TIER_3,HIGH,"{""segment_model"": ""retail_value_model_v2"", ""primary_objective"": ""aum_growth"", ""service_level"": ""assisted"", ""review_cycle_days"": 32, ""pricing_profile"": ""preferential""}"
57578875-af07-e16b-6c2b-621e5562749a,private_banking,TIER_2,LOW,"{""segment_model"": ""wealth_behavior_scorecard"", ""primary_objective"": ""credit_uplift"", ""service_level"": ""advisory"", ""review_cycle_days"": 33, ""pricing_profile"": ""preferential""}"
c105ef70-80be-7393-0f5c-e528a2c02d7d,emerging_affluent,TIER_3,VERY_HIGH,"{""segment_model"": ""retail_value_model_v2"", ""primary_objective"": ""cross_sell"", ""service_level"": ""assisted"", ""review_cycle_days"": 111, ""pricing_profile"": ""preferential""}"
db841913-5d4f-f955-1fb2-2ffff8137e79,small_business_owner,TIER_3,HIGH,"{""segment_model"": ""retail_value_model_v2"", ""primary_objective"": ""deposit_growth"", ""service_level"": ""assisted"", ""review_cycle_days"": 110, ""pricing_profile"": ""preferential""}"
9ea10a31-ff5b-6146-8a82-bbcdc75f7769,mass_affluent,TIER_3,HIGH,"{""segment_model"": ""retail_value_model_v2"", ""primary_objective"": ""aum_growth"", ""service_level"": ""assisted"", ""review_cycle_days"": 133, ""pricing_profile"": ""preferential""}"
81d8264d-01d7-8c1a-9e9c-29190caaba4d,emerging_affluent,TIER_2,MEDIUM,"{""segment_model"": ""retail_value_model_v2"", ""primary_objective"": ""deposit_growth"", ""service_level"": ""advisory"", ""review_cycle_days"": 133, ""pricing_profile"": ""preferential""}"
c1ea11ac-ceca-f81a-a565-68c7d4137326,mass_affluent,TIER_3,MEDIUM,"{""segment_model"": ""rm_judgement_overlay"", ""primary_objective"": ""aum_growth"", ""service_level"": ""assisted"", ""review_cycle_days"": 111, ""pricing_profile"": ""preferential""}"
b0b2c6c6-514f-1cbb-7762-b7acbbe7a046,high_net_worth,TIER_2,HIGH,"{""segment_model"": ""retail_value_model_v2"", ""primary_objective"": ""deposit_growth"", ""service_level"": ""advisory"", ""review_cycle_days"": 72, ""pricing_profile"": ""preferential""}"
20c970af-b441-119b-0d4f-9969e1c2e8ac,emerging_affluent,TIER_3,HIGH,"{""segment_model"": ""wealth_behavior_scorecard"", ""primary_objective"": ""cross_sell"", ""service_level"": ""assisted"", ""review_cycle_days"": 61, ""pricing_profile"": ""preferential""}"
fdda8a2b-0c4f-f77d-7cd1-ab72f5074e29,mass_affluent,TIER_2,MEDIUM,"{""segment_model"": ""retail_value_model_v2"", ""primary_objective"": ""credit_uplift"", ""service_level"": ""advisory"", ""review_cycle_days"": 34, ""pricing_profile"": ""preferential""}"
6fe3b87e-d7ef-008d-089e-6e29ccd2d929,private_banking,TIER_1,HIGH,"{""segment_model"": ""retail_value_model_v2"", ""primary_objective"": ""deposit_growth"", ""service_level"": ""concierge"", ""review_cycle_days"": 72, ""pricing_profile"": ""relationship_pricing""}"
6af6faa0-21a3-26c3-9cb5-0fc8a07d4ea9,emerging_affluent,TIER_3,HIGH,"{""segment_model"": ""retail_value_model_v2"", ""primary_objective"": ""deposit_growth"", ""service_level"": ""assisted"", ""review_cycle_days"": 142, ""pricing_profile"": ""preferential""}"
d87b0055-1789-14b7-87fc-8cefef8bac1f,mass_affluent,TIER_2,MEDIUM,"{""segment_model"": ""wealth_behavior_scorecard"", ""primary_objective"": ""deposit_growth"", ""service_level"": ""advisory"", ""review_cycle_days"": 91, ""pricing_profile"": ""preferential""}"
5396decc-f16a-b886-ad13-bbee941058c3,private_banking,TIER_1,MEDIUM,"{""segment_model"": ""retail_value_model_v2"", ""primary_objective"": ""aum_growth"", ""service_level"": ""concierge"", ""review_cycle_days"": 107, ""pricing_profile"": ""relationship_pricing""}"
9eeb6f84-e3cb-7cd9-8694-f6ea7db95caa,high_net_worth,TIER_3,HIGH,"{""segment_model"": ""retail_value_model_v2"", ""primary_objective"": ""credit_uplift"", ""service_level"": ""assisted"", ""review_cycle_days"": 173, ""pricing_profile"": ""preferential""}"
8a6bdc70-de59-3421-f1bc-d78ccf1189d7,mass_affluent,TIER_3,VERY_HIGH,"{""segment_model"": ""wealth_behavior_scorecard"", ""primary_objective"": ""cross_sell"", ""service_level"": ""assisted"", ""review_cycle_days"": 168, ""pricing_profile"": ""preferential""}"
d28fbfa5-8e70-253a-31f3-fca641e8b7a1,private_banking,TIER_1,LOW,"{""segment_model"": ""retail_value_model_v2"", ""primary_objective"": ""aum_growth"", ""service_level"": ""concierge"", ""review_cycle_days"": 168, ""pricing_profile"": ""relationship_pricing""}"
124f5624-2c48-45f4-1d61-157b0f97168a,private_banking,TIER_1,LOW,"{""segment_model"": ""rm_judgement_overlay"", ""primary_objective"": ""credit_uplift"", ""service_level"": ""concierge"", ""review_cycle_days"": 33, ""pricing_profile"": ""relationship_pricing""}"
39753f20-1f50-b9a1-1225-95086488c961,emerging_affluent,TIER_3,VERY_HIGH,"{""segment_model"": ""wealth_behavior_scorecard"", ""primary_objective"": ""aum_growth"", ""service_level"": ""assisted"", ""review_cycle_days"": 41, ""pricing_profile"": ""preferential""}"
99453735-380c-33bd-bc5f-e9952fee0ec7,high_net_worth,TIER_2,LOW,"{""segment_model"": ""retail_value_model_v2"", ""primary_objective"": ""cross_sell"", ""service_level"": ""advisory"", ""review_cycle_days"": 117, ""pricing_profile"": ""preferential""}"
4f8b2d47-2296-b3b0-5ffd-2dfd2fbfeb22,mass_affluent,TIER_4,VERY_HIGH,"{""segment_model"": ""retail_value_model_v2"", ""primary_objective"": ""aum_growth"", ""service_level"": ""self_service"", ""review_cycle_days"": 148, ""pricing_profile"": ""standard""}"
ab882bb4-b765-491f-b74a-5953b003a32c,high_net_worth,TIER_1,MEDIUM,"{""segment_model"": ""rm_judgement_overlay"", ""primary_objective"": ""aum_growth"", ""service_level"": ""concierge"", ""review_cycle_days"": 41, ""pricing_profile"": ""relationship_pricing""}"
747d0daf-6212-625d-f7e3-a5045a130ee9,emerging_affluent,TIER_4,HIGH,"{""segment_model"": ""retail_value_model_v2"", ""primary_objective"": ""credit_uplift"", ""service_level"": ""self_service"", ""review_cycle_days"": 94, ""pricing_profile"": ""standard""}"
476cdf7e-d040-613f-53ce-edf88a68995e,small_business_owner,TIER_3,HIGH,"{""segment_model"": ""retail_value_model_v2"", ""primary_objective"": ""aum_growth"", ""service_level"": ""assisted"", ""review_cycle_days"": 41, ""pricing_profile"": ""preferential""}"
df76c179-9f74-c95b-93be-349b548872d8,private_banking,TIER_1,LOW,"{""segment_model"": ""rm_judgement_overlay"", ""primary_objective"": ""deposit_growth"", ""service_level"": ""concierge"", ""review_cycle_days"": 107, ""pricing_profile"": ""relationship_pricing""}"
a81eebcc-e885-255f-3dde-9788b10cadf5,mass_affluent,TIER_3,HIGH,"{""segment_model"": ""retail_value_model_v2"", ""primary_objective"": ""deposit_growth"", ""service_level"": ""assisted"", ""review_cycle_days"": 52, ""pricing_profile"": ""preferential""}"
4bcdaf21-2e52-fd9a-9f93-eefc9f10ac7d,high_net_worth,TIER_4,VERY_HIGH,"{""segment_model"": ""wealth_behavior_scorecard"", ""primary_objective"": ""cross_sell"", ""service_level"": ""self_service"", ""review_cycle_days"": 108, ""pricing_profile"": ""standard""}"
7600a87a-f860-2ead-1bd0-4dece6c6fd36,private_banking,TIER_1,LOW,"{""segment_model"": ""wealth_behavior_scorecard"", ""primary_objective"": ""aum_growth"", ""service_level"": ""concierge"", ""review_cycle_days"": 115, ""pricing_profile"": ""relationship_pricing""}"
b75b4a5e-11aa-61da-f823-d735369e0281,mass_affluent,TIER_3,HIGH,"{""segment_model"": ""wealth_behavior_scorecard"", ""primary_objective"": ""credit_uplift"", ""service_level"": ""assisted"", ""review_cycle_days"": 141, ""pricing_profile"": ""preferential""}"
9cefdf5a-ca87-82de-ba3d-0a6666237e31,emerging_affluent,TIER_4,VERY_HIGH,"{""segment_model"": ""retail_value_model_v2"", ""primary_objective"": ""credit_uplift"", ""service_level"": ""self_service"", ""review_cycle_days"": 97, ""pricing_profile"": ""standard""}"
fa0cf340-b48e-74ff-91f6-928c14ca197c,high_net_worth,TIER_1,LOW,"{""segment_model"": ""wealth_behavior_scorecard"", ""primary_objective"": ""credit_uplift"", ""service_level"": ""concierge"", ""review_cycle_days"": 47, ""pricing_profile"": ""relationship_pricing""}"
b22a1ee5-439e-ffc9-1272-355b93464faf,emerging_affluent,TIER_2,MEDIUM,"{""segment_model"": ""retail_value_model_v2"", ""primary_objective"": ""aum_growth"", ""service_level"": ""advisory"", ""review_cycle_days"": 33, ""pricing_profile"": ""preferential""}"
f5825764-6041-f406-3735-4e53b25f8d50,mass_affluent,TIER_2,MEDIUM,"{""segment_model"": ""wealth_behavior_scorecard"", ""primary_objective"": ""deposit_growth"", ""service_level"": ""advisory"", ""review_cycle_days"": 51, ""pricing_profile"": ""preferential""}"
7af9d1a2-44d1-d3bc-3ab2-f29984ad536d,mass_affluent,TIER_3,HIGH,"{""segment_model"": ""retail_value_model_v2"", ""primary_objective"": ""deposit_growth"", ""service_level"": ""assisted"", ""review_cycle_days"": 51, ""pricing_profile"": ""preferential""}"
ea1ea95f-a684-3aff-ebe0-e7a4df1c95cc,emerging_affluent,TIER_4,VERY_HIGH,"{""segment_model"": ""rm_judgement_overlay"", ""primary_objective"": ""deposit_growth"", ""service_level"": ""self_service"", ""review_cycle_days"": 113, ""pricing_profile"": ""standard""}"
edd31a20-eb50-d106-63fb-09afde857963,mass_affluent,TIER_3,MEDIUM,"{""segment_model"": ""retail_value_model_v2"", ""primary_objective"": ""deposit_growth"", ""service_level"": ""assisted"", ""review_cycle_days"": 78, ""pricing_profile"": ""preferential""}"
a82aff44-1e2a-91fc-387c-dd62bc6adf93,high_net_worth,TIER_2,HIGH,"{""segment_model"": ""retail_value_model_v2"", ""primary_objective"": ""cross_sell"", ""service_level"": ""advisory"", ""review_cycle_days"": 130, ""pricing_profile"": ""preferential""}"
25e0b367-3737-bba2-a940-03b5db7400f1,small_business_owner,TIER_3,HIGH,"{""segment_model"": ""retail_value_model_v2"", ""primary_objective"": ""deposit_growth"", ""service_level"": ""assisted"", ""review_cycle_days"": 171, ""pricing_profile"": ""preferential""}"
85ffed93-24bb-4560-293b-0b4dd96cd6f1,emerging_affluent,TIER_4,HIGH,"{""segment_model"": ""wealth_behavior_scorecard"", ""primary_objective"": ""credit_uplift"", ""service_level"": ""self_service"", ""review_cycle_days"": 81, ""pricing_profile"": ""standard""}"
33f8123f-082c-e757-79f1-b9a88a5fa752,mass_affluent,TIER_2,HIGH,"{""segment_model"": ""retail_value_model_v2"", ""primary_objective"": ""credit_uplift"", ""service_level"": ""advisory"", ""review_cycle_days"": 164, ""pricing_profile"": ""preferential""}"
f96bc245-c663-20a3-b726-b09e5264d4e5,high_net_worth,TIER_2,HIGH,"{""segment_model"": ""retail_value_model_v2"", ""primary_objective"": ""deposit_growth"", ""service_level"": ""advisory"", ""review_cycle_days"": 84, ""pricing_profile"": ""preferential""}"
9d5212f7-847c-e898-76b1-7138297fafaf,emerging_affluent,TIER_3,VERY_HIGH,"{""segment_model"": ""retail_value_model_v2"", ""primary_objective"": ""aum_growth"", ""service_level"": ""assisted"", ""review_cycle_days"": 178, ""pricing_profile"": ""preferential""}"
b61b0b4d-6c52-8286-aac0-4c780a856ea2,mass_affluent,TIER_3,HIGH,"{""segment_model"": ""wealth_behavior_scorecard"", ""primary_objective"": ""credit_uplift"", ""service_level"": ""assisted"", ""review_cycle_days"": 124, ""pricing_profile"": ""preferential""}"
cbed70bb-8d6b-c13f-207d-67fd64fb4672,private_banking,TIER_1,MEDIUM,"{""segment_model"": ""wealth_behavior_scorecard"", ""primary_objective"": ""credit_uplift"", ""service_level"": ""concierge"", ""review_cycle_days"": 30, ""pricing_profile"": ""relationship_pricing""}"
69ab435e-7cb0-323a-ca5c-709e3d994312,mass_affluent,TIER_3,HIGH,"{""segment_model"": ""wealth_behavior_scorecard"", ""primary_objective"": ""deposit_growth"", ""service_level"": ""assisted"", ""review_cycle_days"": 107, ""pricing_profile"": ""preferential""}"
5fee1df4-a560-d640-c5a5-5825247766a8,small_business_owner,TIER_2,VERY_HIGH,"{""segment_model"": ""retail_value_model_v2"", ""primary_objective"": ""deposit_growth"", ""service_level"": ""advisory"", ""review_cycle_days"": 124, ""pricing_profile"": ""preferential""}"
2b9df63c-5bb0-5dee-1b8c-37c07e717181,emerging_affluent,TIER_4,VERY_HIGH,"{""segment_model"": ""retail_value_model_v2"", ""primary_objective"": ""deposit_growth"", ""service_level"": ""self_service"", ""review_cycle_days"": 60, ""pricing_profile"": ""standard""}"
f1307c40-350c-76c4-53ca-58b6ccb21286,emerging_affluent,TIER_3,MEDIUM,"{""segment_model"": ""retail_value_model_v2"", ""primary_objective"": ""cross_sell"", ""service_level"": ""assisted"", ""review_cycle_days"": 132, ""pricing_profile"": ""preferential""}"
9e1e55fa-25d0-2e4b-147c-9af418eaf633,high_net_worth,TIER_1,LOW,"{""segment_model"": ""wealth_behavior_scorecard"", ""primary_objective"": ""cross_sell"", ""service_level"": ""concierge"", ""review_cycle_days"": 132, ""pricing_profile"": ""relationship_pricing""}"
fd609b78-69ca-8659-a7da-e3eedcaf6096,high_net_worth,TIER_2,MEDIUM,"{""segment_model"": ""rm_judgement_overlay"", ""primary_objective"": ""credit_uplift"", ""service_level"": ""advisory"", ""review_cycle_days"": 90, ""pricing_profile"": ""preferential""}"
cdc2a04b-a3bf-c55d-c276-716a5088ac5d,small_business_owner,TIER_3,HIGH,"{""segment_model"": ""retail_value_model_v2"", ""primary_objective"": ""credit_uplift"", ""service_level"": ""assisted"", ""review_cycle_days"": 47, ""pricing_profile"": ""preferential""}"
728d9cd5-3655-fc21-a1d2-8b636a4aae61,mass_affluent,TIER_3,HIGH,"{""segment_model"": ""wealth_behavior_scorecard"", ""primary_objective"": ""aum_growth"", ""service_level"": ""assisted"", ""review_cycle_days"": 155, ""pricing_profile"": ""preferential""}"
3349b575-c01f-24f2-c352-b44df3b1aad1,mass_affluent,TIER_3,MEDIUM,"{""segment_model"": ""retail_value_model_v2"", ""primary_objective"": ""cross_sell"", ""service_level"": ""assisted"", ""review_cycle_days"": 149, ""pricing_profile"": ""preferential""}"
6520b842-92a6-0bfb-8cff-dae13bed6ab1,private_banking,TIER_1,LOW,"{""segment_model"": ""retail_value_model_v2"", ""primary_objective"": ""aum_growth"", ""service_level"": ""concierge"", ""review_cycle_days"": 180, ""pricing_profile"": ""relationship_pricing""}"
9f4f6b48-c8b9-b048-318a-e8bc7ce53a25,high_net_worth,TIER_1,MEDIUM,"{""segment_model"": ""rm_judgement_overlay"", ""primary_objective"": ""deposit_growth"", ""service_level"": ""concierge"", ""review_cycle_days"": 142, ""pricing_profile"": ""relationship_pricing""}"
d5012a23-e7e1-eb68-c583-a0aa6f764dc5,high_net_worth,TIER_2,HIGH,"{""segment_model"": ""retail_value_model_v2"", ""primary_objective"": ""deposit_growth"", ""service_level"": ""advisory"", ""review_cycle_days"": 152, ""pricing_profile"": ""preferential""}"
e89f306e-00bb-7aa1-dd46-d0485dbc8429,mass_affluent,TIER_4,VERY_HIGH,"{""segment_model"": ""retail_value_model_v2"", ""primary_objective"": ""aum_growth"", ""service_level"": ""self_service"", ""review_cycle_days"": 127, ""pricing_profile"": ""standard""}"
7d2ebd74-695b-f325-c4cc-4848dfd70092,mass_affluent,TIER_1,LOW,"{""segment_model"": ""retail_value_model_v2"", ""primary_objective"": ""credit_uplift"", ""service_level"": ""concierge"", ""review_cycle_days"": 94, ""pricing_profile"": ""relationship_pricing""}"
9623892e-af21-d9ec-cd19-d42662c8731c,high_net_worth,TIER_2,MEDIUM,"{""segment_model"": ""retail_value_model_v2"", ""primary_objective"": ""aum_growth"", ""service_level"": ""advisory"", ""review_cycle_days"": 138, ""pricing_profile"": ""preferential""}"
531cf9a7-b91d-249f-4b65-b2b1628d3996,high_net_worth,TIER_2,MEDIUM,"{""segment_model"": ""retail_value_model_v2"", ""primary_objective"": ""credit_uplift"", ""service_level"": ""advisory"", ""review_cycle_days"": 139, ""pricing_profile"": ""preferential""}"
d79432bf-bb8e-f2a4-a8a1-e3c0a2da847f,emerging_affluent,TIER_3,HIGH,"{""segment_model"": ""retail_value_model_v2"", ""primary_objective"": ""credit_uplift"", ""service_level"": ""assisted"", ""review_cycle_days"": 68, ""pricing_profile"": ""preferential""}"
52464c5d-4895-a144-a644-dbed09fd158a,emerging_affluent,TIER_4,HIGH,"{""segment_model"": ""retail_value_model_v2"", ""primary_objective"": ""deposit_growth"", ""service_level"": ""self_service"", ""review_cycle_days"": 179, ""pricing_profile"": ""standard""}"
52391c5e-7af5-2ef5-2bc9-52a228dc3f00,emerging_affluent,TIER_4,VERY_HIGH,"{""segment_model"": ""retail_value_model_v2"", ""primary_objective"": ""aum_growth"", ""service_level"": ""self_service"", ""review_cycle_days"": 70, ""pricing_profile"": ""standard""}"
a8554abc-3790-3b51-da37-39b125d7ac0f,emerging_affluent,TIER_3,MEDIUM,"{""segment_model"": ""retail_value_model_v2"", ""primary_objective"": ""deposit_growth"", ""service_level"": ""assisted"", ""review_cycle_days"": 155, ""pricing_profile"": ""preferential""}"
353785ab-4d08-adaf-a6dd-18531055f96c,small_business_owner,TIER_3,MEDIUM,"{""segment_model"": ""retail_value_model_v2"", ""primary_objective"": ""credit_uplift"", ""service_level"": ""assisted"", ""review_cycle_days"": 108, ""pricing_profile"": ""preferential""}"
7ccc7c91-42af-4985-aeda-4cecf440fddb,small_business_owner,TIER_4,VERY_HIGH,"{""segment_model"": ""rm_judgement_overlay"", ""primary_objective"": ""cross_sell"", ""service_level"": ""self_service"", ""review_cycle_days"": 41, ""pricing_profile"": ""standard""}"
a453b3e2-add2-d894-613b-68162717b6f8,mass_affluent,TIER_3,HIGH,"{""segment_model"": ""retail_value_model_v2"", ""primary_objective"": ""deposit_growth"", ""service_level"": ""assisted"", ""review_cycle_days"": 126, ""pricing_profile"": ""preferential""}"
06446da6-1968-8741-84ab-e1942519203c,small_business_owner,TIER_4,VERY_HIGH,"{""segment_model"": ""retail_value_model_v2"", ""primary_objective"": ""deposit_growth"", ""service_level"": ""self_service"", ""review_cycle_days"": 77, ""pricing_profile"": ""standard""}"
5a8bbf69-e834-ff18-9bec-25d6c724bb68,high_net_worth,TIER_2,HIGH,"{""segment_model"": ""retail_value_model_v2"", ""primary_objective"": ""cross_sell"", ""service_level"": ""advisory"", ""review_cycle_days"": 158, ""pricing_profile"": ""preferential""}"
339ea4ae-3ee0-60d4-0410-99dad86b2bc7,small_business_owner,TIER_3,VERY_HIGH,"{""segment_model"": ""retail_value_model_v2"", ""primary_objective"": ""aum_growth"", ""service_level"": ""assisted"", ""review_cycle_days"": 90, ""pricing_profile"": ""preferential""}"
6f6268e6-eec9-cc4e-2619-484508335a81,emerging_affluent,TIER_4,VERY_HIGH,"{""segment_model"": ""retail_value_model_v2"", ""primary_objective"": ""deposit_growth"", ""service_level"": ""self_service"", ""review_cycle_days"": 62, ""pricing_profile"": ""standard""}"
544e35d4-740c-358a-8dc9-734fd2e293f4,mass_affluent,TIER_2,HIGH,"{""segment_model"": ""wealth_behavior_scorecard"", ""primary_objective"": ""cross_sell"", ""service_level"": ""advisory"", ""review_cycle_days"": 145, ""pricing_profile"": ""preferential""}"
395108e3-a69a-b885-ba81-835f246b94b8,emerging_affluent,TIER_3,HIGH,"{""segment_model"": ""rm_judgement_overlay"", ""primary_objective"": ""aum_growth"", ""service_level"": ""assisted"", ""review_cycle_days"": 74, ""pricing_profile"": ""preferential""}"
d7a04756-bd69-3e3f-25d5-8a9bcde9bac0,private_banking,TIER_1,VERY_HIGH,"{""segment_model"": ""retail_value_model_v2"", ""primary_objective"": ""cross_sell"", ""service_level"": ""concierge"", ""review_cycle_days"": 115, ""pricing_profile"": ""relationship_pricing""}"
b84adbc0-005b-6051-cb67-ec2cfad00d82,mass_affluent,TIER_3,HIGH,"{""segment_model"": ""wealth_behavior_scorecard"", ""primary_objective"": ""credit_uplift"", ""service_level"": ""assisted"", ""review_cycle_days"": 30, ""pricing_profile"": ""preferential""}"
ccb5a48e-94f9-0f65-d2e3-5f1fff0b3637,mass_affluent,TIER_4,VERY_HIGH,"{""segment_model"": ""retail_value_model_v2"", ""primary_objective"": ""cross_sell"", ""service_level"": ""self_service"", ""review_cycle_days"": 87, ""pricing_profile"": ""standard""}"
8f69cd9c-bdf6-18c7-948c-e7a65deb50e9,high_net_worth,TIER_3,HIGH,"{""segment_model"": ""retail_value_model_v2"", ""primary_objective"": ""deposit_growth"", ""service_level"": ""assisted"", ""review_cycle_days"": 83, ""pricing_profile"": ""preferential""}"
0a016baf-9b9d-b611-5303-3236e9c3cd57,private_banking,TIER_2,LOW,"{""segment_model"": ""retail_value_model_v2"", ""primary_objective"": ""aum_growth"", ""service_level"": ""advisory"", ""review_cycle_days"": 85, ""pricing_profile"": ""preferential""}"
ea9c7275-a2ca-e8f7-2ab5-91acdf4bbdfb,high_net_worth,TIER_2,MEDIUM,"{""segment_model"": ""retail_value_model_v2"", ""primary_objective"": ""deposit_growth"", ""service_level"": ""advisory"", ""review_cycle_days"": 90, ""pricing_profile"": ""preferential""}"
961a31ea-00a3-0995-5b9b-23119a8c9a80,mass_affluent,TIER_4,VERY_HIGH,"{""segment_model"": ""retail_value_model_v2"", ""primary_objective"": ""aum_growth"", ""service_level"": ""self_service"", ""review_cycle_days"": 75, ""pricing_profile"": ""standard""}"
5219676d-132e-f7eb-a781-9b6eadc3f328,mass_affluent,TIER_3,MEDIUM,"{""segment_model"": ""wealth_behavior_scorecard"", ""primary_objective"": ""deposit_growth"", ""service_level"": ""assisted"", ""review_cycle_days"": 152, ""pricing_profile"": ""preferential""}"
70ebcc93-46a8-b1cd-64c6-3a6dbf5bceea,emerging_affluent,TIER_4,HIGH,"{""segment_model"": ""wealth_behavior_scorecard"", ""primary_objective"": ""credit_uplift"", ""service_level"": ""self_service"", ""review_cycle_days"": 127, ""pricing_profile"": ""standard""}"
ccc9ef73-4142-6c94-1985-96347e2604d6,high_net_worth,TIER_1,LOW,"{""segment_model"": ""rm_judgement_overlay"", ""primary_objective"": ""aum_growth"", ""service_level"": ""concierge"", ""review_cycle_days"": 140, ""pricing_profile"": ""relationship_pricing""}"
e32a373c-5734-de37-6a56-a685328a9b71,emerging_affluent,TIER_3,MEDIUM,"{""segment_model"": ""retail_value_model_v2"", ""primary_objective"": ""deposit_growth"", ""service_level"": ""assisted"", ""review_cycle_days"": 90, ""pricing_profile"": ""preferential""}"
8cdbccf2-e8ae-9fe4-590d-b369ba385430,mass_affluent,TIER_2,HIGH,"{""segment_model"": ""wealth_behavior_scorecard"", ""primary_objective"": ""deposit_growth"", ""service_level"": ""advisory"", ""review_cycle_days"": 59, ""pricing_profile"": ""preferential""}"
b9a9389e-67b7-b2b7-8583-f0e3dd49df14,mass_affluent,TIER_3,HIGH,"{""segment_model"": ""retail_value_model_v2"", ""primary_objective"": ""credit_uplift"", ""service_level"": ""assisted"", ""review_cycle_days"": 134, ""pricing_profile"": ""preferential""}"
c5705717-1395-b8a9-3398-d928425a9894,private_banking,TIER_1,MEDIUM,"{""segment_model"": ""retail_value_model_v2"", ""primary_objective"": ""cross_sell"", ""service_level"": ""concierge"", ""review_cycle_days"": 134, ""pricing_profile"": ""relationship_pricing""}"
c902b1f3-2bea-1a2e-b30b-d5e2a80a3418,mass_affluent,TIER_1,LOW,"{""segment_model"": ""wealth_behavior_scorecard"", ""primary_objective"": ""aum_growth"", ""service_level"": ""concierge"", ""review_cycle_days"": 31, ""pricing_profile"": ""relationship_pricing""}"
d264b01c-934e-be5e-ab1e-0b19289448ef,mass_affluent,TIER_4,VERY_HIGH,"{""segment_model"": ""retail_value_model_v2"", ""primary_objective"": ""deposit_growth"", ""service_level"": ""self_service"", ""review_cycle_days"": 90, ""pricing_profile"": ""standard""}"
e8a59e85-b777-39e8-4fde-b446f6cb9ad4,emerging_affluent,TIER_3,HIGH,"{""segment_model"": ""retail_value_model_v2"", ""primary_objective"": ""cross_sell"", ""service_level"": ""assisted"", ""review_cycle_days"": 100, ""pricing_profile"": ""preferential""}"
43f2799c-4d7e-84e8-77c8-a82e494fccaf,mass_affluent,TIER_2,HIGH,"{""segment_model"": ""retail_value_model_v2"", ""primary_objective"": ""deposit_growth"", ""service_level"": ""advisory"", ""review_cycle_days"": 81, ""pricing_profile"": ""preferential""}"
5f6d154a-8153-9ab7-2996-770b640c5b65,emerging_affluent,TIER_3,HIGH,"{""segment_model"": ""wealth_behavior_scorecard"", ""primary_objective"": ""credit_uplift"", ""service_level"": ""assisted"", ""review_cycle_days"": 47, ""pricing_profile"": ""preferential""}"
dbeef1d1-2471-76da-d245-2c64fc0d0bca,high_net_worth,TIER_1,LOW,"{""segment_model"": ""retail_value_model_v2"", ""primary_objective"": ""deposit_growth"", ""service_level"": ""concierge"", ""review_cycle_days"": 62, ""pricing_profile"": ""relationship_pricing""}"
12ada6a0-a42e-61f0-a1d3-282ef98012ae,emerging_affluent,TIER_3,HIGH,"{""segment_model"": ""retail_value_model_v2"", ""primary_objective"": ""cross_sell"", ""service_level"": ""assisted"", ""review_cycle_days"": 171, ""pricing_profile"": ""preferential""}"
77342a1a-2033-b385-0059-4b4303dae5ef,high_net_worth,TIER_2,LOW,"{""segment_model"": ""retail_value_model_v2"", ""primary_objective"": ""aum_growth"", ""service_level"": ""advisory"", ""review_cycle_days"": 63, ""pricing_profile"": ""preferential""}"
ed10bc34-47c0-23ec-76ae-32eba40d7c27,mass_affluent,TIER_3,HIGH,"{""segment_model"": ""wealth_behavior_scorecard"", ""primary_objective"": ""deposit_growth"", ""service_level"": ""assisted"", ""review_cycle_days"": 173, ""pricing_profile"": ""preferential""}"
da630bf1-d7a4-60ac-c967-84701e54e27e,high_net_worth,TIER_2,MEDIUM,"{""segment_model"": ""rm_judgement_overlay"", ""primary_objective"": ""credit_uplift"", ""service_level"": ""advisory"", ""review_cycle_days"": 130, ""pricing_profile"": ""preferential""}"
455cb49c-97b0-9b0f-e176-26ef4339f05b,high_net_worth,TIER_2,MEDIUM,"{""segment_model"": ""retail_value_model_v2"", ""primary_objective"": ""deposit_growth"", ""service_level"": ""advisory"", ""review_cycle_days"": 131, ""pricing_profile"": ""preferential""}"
a025cf19-3170-3cfa-812a-962d210063ba,high_net_worth,TIER_1,LOW,"{""segment_model"": ""wealth_behavior_scorecard"", ""primary_objective"": ""aum_growth"", ""service_level"": ""concierge"", ""review_cycle_days"": 126, ""pricing_profile"": ""relationship_pricing""}"
55b705df-7cc3-e4bb-fb21-cb43e69abbe0,high_net_worth,TIER_3,MEDIUM,"{""segment_model"": ""retail_value_model_v2"", ""primary_objective"": ""deposit_growth"", ""service_level"": ""assisted"", ""review_cycle_days"": 143, ""pricing_profile"": ""preferential""}"
283c6363-4e51-bd12-6d79-cfe89c2a52df,high_net_worth,TIER_4,HIGH,"{""segment_model"": ""rm_judgement_overlay"", ""primary_objective"": ""deposit_growth"", ""service_level"": ""self_service"", ""review_cycle_days"": 87, ""pricing_profile"": ""standard""}"
1e8d4788-b3b9-6906-9f06-bf985dfaaa9d,private_banking,TIER_1,LOW,"{""segment_model"": ""retail_value_model_v2"", ""primary_objective"": ""deposit_growth"", ""service_level"": ""concierge"", ""review_cycle_days"": 130, ""pricing_profile"": ""relationship_pricing""}"
4abf3011-b823-43a4-e4f1-7076bddb8145,emerging_affluent,TIER_4,MEDIUM,"{""segment_model"": ""retail_value_model_v2"", ""primary_objective"": ""credit_uplift"", ""service_level"": ""self_service"", ""review_cycle_days"": 130, ""pricing_profile"": ""standard""}"
b4eca884-d809-db28-6abe-eb4c0ba9a907,high_net_worth,TIER_2,MEDIUM,"{""segment_model"": ""rm_judgement_overlay"", ""primary_objective"": ""aum_growth"", ""service_level"": ""advisory"", ""review_cycle_days"": 79, ""pricing_profile"": ""preferential""}"
cc72b8a2-0cb2-f07d-15c0-0be4e9d97b02,private_banking,TIER_2,MEDIUM,"{""segment_model"": ""retail_value_model_v2"", ""primary_objective"": ""cross_sell"", ""service_level"": ""advisory"", ""review_cycle_days"": 55, ""pricing_profile"": ""preferential""}"
58f18fa8-123b-9863-2adc-64ed54103078,emerging_affluent,TIER_3,MEDIUM,"{""segment_model"": ""retail_value_model_v2"", ""primary_objective"": ""aum_growth"", ""service_level"": ""assisted"", ""review_cycle_days"": 38, ""pricing_profile"": ""preferential""}"
5a44f41d-de98-abd1-d9dc-b6b49ee95c24,mass_affluent,TIER_3,VERY_HIGH,"{""segment_model"": ""retail_value_model_v2"", ""primary_objective"": ""aum_growth"", ""service_level"": ""assisted"", ""review_cycle_days"": 178, ""pricing_profile"": ""preferential""}"
ccfaffbb-6fcd-78df-4a2b-cc94e0180608,private_banking,TIER_1,MEDIUM,"{""segment_model"": ""wealth_behavior_scorecard"", ""primary_objective"": ""deposit_growth"", ""service_level"": ""concierge"", ""review_cycle_days"": 123, ""pricing_profile"": ""relationship_pricing""}"
a1ff421c-39fe-d583-075b-f53bb159e9cd,high_net_worth,TIER_1,MEDIUM,"{""segment_model"": ""retail_value_model_v2"", ""primary_objective"": ""cross_sell"", ""service_level"": ""concierge"", ""review_cycle_days"": 120, ""pricing_profile"": ""relationship_pricing""}"
29889777-0130-d642-511e-14b6528a5d19,mass_affluent,TIER_1,MEDIUM,"{""segment_model"": ""wealth_behavior_scorecard"", ""primary_objective"": ""deposit_growth"", ""service_level"": ""concierge"", ""review_cycle_days"": 90, ""pricing_profile"": ""relationship_pricing""}"
e3731b0b-3f3d-e300-3a65-fcb9fd71b946,mass_affluent,TIER_3,HIGH,"{""segment_model"": ""retail_value_model_v2"", ""primary_objective"": ""deposit_growth"", ""service_level"": ""assisted"", ""review_cycle_days"": 126, ""pricing_profile"": ""preferential""}"
6ae39acc-8484-e5c5-0cb4-8bdbd32df532,mass_affluent,TIER_2,MEDIUM,"{""segment_model"": ""retail_value_model_v2"", ""primary_objective"": ""credit_uplift"", ""service_level"": ""advisory"", ""review_cycle_days"": 139, ""pricing_profile"": ""preferential""}"
dc6c0402-f0f9-853e-3d12-35bb23be0353,private_banking,TIER_2,MEDIUM,"{""segment_model"": ""retail_value_model_v2"", ""primary_objective"": ""deposit_growth"", ""service_level"": ""advisory"", ""review_cycle_days"": 78, ""pricing_profile"": ""preferential""}"
b640494e-5c7d-45bb-2db0-78f1a62e2c44,high_net_worth,TIER_2,MEDIUM,"{""segment_model"": ""wealth_behavior_scorecard"", ""primary_objective"": ""credit_uplift"", ""service_level"": ""advisory"", ""review_cycle_days"": 82, ""pricing_profile"": ""preferential""}"
471ab0cd-2dbe-4663-ab52-d78eade4d749,high_net_worth,TIER_2,MEDIUM,"{""segment_model"": ""retail_value_model_v2"", ""primary_objective"": ""credit_uplift"", ""service_level"": ""advisory"", ""review_cycle_days"": 177, ""pricing_profile"": ""preferential""}"
098484e4-1e09-f760-df12-6250a1d1ce9b,small_business_owner,TIER_4,LOW,"{""segment_model"": ""retail_value_model_v2"", ""primary_objective"": ""aum_growth"", ""service_level"": ""self_service"", ""review_cycle_days"": 89, ""pricing_profile"": ""standard""}"
4f981838-05e6-76df-9944-0f09b7032308,high_net_worth,TIER_2,LOW,"{""segment_model"": ""retail_value_model_v2"", ""primary_objective"": ""aum_growth"", ""service_level"": ""advisory"", ""review_cycle_days"": 87, ""pricing_profile"": ""preferential""}"
a4b46517-37f5-61ff-c6b4-26dc22004e62,high_net_worth,TIER_2,MEDIUM,"{""segment_model"": ""retail_value_model_v2"", ""primary_objective"": ""credit_uplift"", ""service_level"": ""advisory"", ""review_cycle_days"": 74, ""pricing_profile"": ""preferential""}"
d0713078-c0f0-0dde-81a5-f8275bf93dd2,mass_affluent,TIER_4,HIGH,"{""segment_model"": ""wealth_behavior_scorecard"", ""primary_objective"": ""aum_growth"", ""service_level"": ""self_service"", ""review_cycle_days"": 66, ""pricing_profile"": ""standard""}"
262c9317-b82a-29ed-77f7-30c22c403392,mass_affluent,TIER_3,HIGH,"{""segment_model"": ""wealth_behavior_scorecard"", ""primary_objective"": ""credit_uplift"", ""service_level"": ""assisted"", ""review_cycle_days"": 76, ""pricing_profile"": ""preferential""}"
5a0467df-9436-a025-0437-4d0dd4a6110e,mass_affluent,TIER_2,MEDIUM,"{""segment_model"": ""retail_value_model_v2"", ""primary_objective"": ""deposit_growth"", ""service_level"": ""advisory"", ""review_cycle_days"": 89, ""pricing_profile"": ""preferential""}"
518f5ebf-6ff3-95ac-c92b-d8a821945a56,emerging_affluent,TIER_3,VERY_HIGH,"{""segment_model"": ""retail_value_model_v2"", ""primary_objective"": ""aum_growth"", ""service_level"": ""assisted"", ""review_cycle_days"": 128, ""pricing_profile"": ""preferential""}"
a4a0e76a-1177-91d7-38f1-e54a1c505862,mass_affluent,TIER_3,HIGH,"{""segment_model"": ""retail_value_model_v2"", ""primary_objective"": ""cross_sell"", ""service_level"": ""assisted"", ""review_cycle_days"": 43, ""pricing_profile"": ""preferential""}"
9513e419-4ec4-6c15-3a11-62c118724d25,mass_affluent,TIER_4,VERY_HIGH,"{""segment_model"": ""wealth_behavior_scorecard"", ""primary_objective"": ""cross_sell"", ""service_level"": ""self_service"", ""review_cycle_days"": 35, ""pricing_profile"": ""standard""}"
a2536535-e346-1046-75fc-75b959fbc34a,small_business_owner,TIER_3,MEDIUM,"{""segment_model"": ""wealth_behavior_scorecard"", ""primary_objective"": ""deposit_growth"", ""service_level"": ""assisted"", ""review_cycle_days"": 157, ""pricing_profile"": ""preferential""}"
1582f96b-c366-0ae5-6efd-6fc10a9991ac,mass_affluent,TIER_3,HIGH,"{""segment_model"": ""wealth_behavior_scorecard"", ""primary_objective"": ""cross_sell"", ""service_level"": ""assisted"", ""review_cycle_days"": 93, ""pricing_profile"": ""preferential""}"
35ce3269-3f42-d579-74ac-61ed08177f2c,mass_affluent,TIER_3,MEDIUM,"{""segment_model"": ""retail_value_model_v2"", ""primary_objective"": ""credit_uplift"", ""service_level"": ""assisted"", ""review_cycle_days"": 97, ""pricing_profile"": ""preferential""}"
9c82ccae-4a19-b18a-5725-33874b1f579a,mass_affluent,TIER_3,HIGH,"{""segment_model"": ""retail_value_model_v2"", ""primary_objective"": ""deposit_growth"", ""service_level"": ""assisted"", ""review_cycle_days"": 68, ""pricing_profile"": ""preferential""}"
1c3196f6-5c4e-0708-0fa6-0e4353ae90a7,mass_affluent,TIER_3,HIGH,"{""segment_model"": ""retail_value_model_v2"", ""primary_objective"": ""deposit_growth"", ""service_level"": ""assisted"", ""review_cycle_days"": 86, ""pricing_profile"": ""preferential""}"
b41f54f6-a50b-f9ee-6c57-7e624724399b,mass_affluent,TIER_3,HIGH,"{""segment_model"": ""wealth_behavior_scorecard"", ""primary_objective"": ""credit_uplift"", ""service_level"": ""assisted"", ""review_cycle_days"": 125, ""pricing_profile"": ""preferential""}"
e65d3caa-ecaa-e254-a084-394ba0345a1c,high_net_worth,TIER_2,MEDIUM,"{""segment_model"": ""wealth_behavior_scorecard"", ""primary_objective"": ""deposit_growth"", ""service_level"": ""advisory"", ""review_cycle_days"": 102, ""pricing_profile"": ""preferential""}"
e6158bf4-3af5-bd8a-2aa9-b90c2c23f334,mass_affluent,TIER_3,LOW,"{""segment_model"": ""rm_judgement_overlay"", ""primary_objective"": ""deposit_growth"", ""service_level"": ""assisted"", ""review_cycle_days"": 58, ""pricing_profile"": ""preferential""}"
215bf3c3-5dcc-9f54-b99d-05cd36e9b260,high_net_worth,TIER_1,LOW,"{""segment_model"": ""rm_judgement_overlay"", ""primary_objective"": ""cross_sell"", ""service_level"": ""concierge"", ""review_cycle_days"": 46, ""pricing_profile"": ""relationship_pricing""}"
399b7e9d-1d4d-06ff-0295-51e636baa7ae,mass_affluent,TIER_3,HIGH,"{""segment_model"": ""rm_judgement_overlay"", ""primary_objective"": ""deposit_growth"", ""service_level"": ""assisted"", ""review_cycle_days"": 174, ""pricing_profile"": ""preferential""}"
1f15d29b-b96d-8684-24f7-029ced98e57a,emerging_affluent,TIER_4,HIGH,"{""segment_model"": ""rm_judgement_overlay"", ""primary_objective"": ""aum_growth"", ""service_level"": ""self_service"", ""review_cycle_days"": 50, ""pricing_profile"": ""standard""}"
d7771bcd-5be6-7cc6-d72c-e5c0e8c6f6ac,mass_affluent,TIER_4,HIGH,"{""segment_model"": ""retail_value_model_v2"", ""primary_objective"": ""aum_growth"", ""service_level"": ""self_service"", ""review_cycle_days"": 85, ""pricing_profile"": ""standard""}"
08a343d3-b1c5-0ce7-698f-2264aa6ecd8c,private_banking,TIER_1,LOW,"{""segment_model"": ""wealth_behavior_scorecard"", ""primary_objective"": ""aum_growth"", ""service_level"": ""concierge"", ""review_cycle_days"": 71, ""pricing_profile"": ""relationship_pricing""}"
2a9b678f-39c9-173a-ffdf-bb30b655e833,high_net_worth,TIER_1,LOW,"{""segment_model"": ""retail_value_model_v2"", ""primary_objective"": ""credit_uplift"", ""service_level"": ""concierge"", ""review_cycle_days"": 107, ""pricing_profile"": ""relationship_pricing""}"
